00,TE,testCommand,testAction,1/31/2012
00,TE,testCommand,testAction,1/31/2012
00,TE,testCommand,testAction,1/31/2012
00,TE,testCommand,testAction,1/31/2012
00,TE,testCommand,testAction,1/31/2012
00,TE,testCommand,testAction,1/31/2012
00,TE,testCommand,testAction,1/31/2012
00,TE,testCommand,testAction,1/31/2012
00,TE,testCommand,testAction,1/31/2012
00,TE,testCommand,testAction,1/31/2012
00,TE,testCommand,testAction,1/31/2012
00,TE,testCommand,testAction,1/31/2012
00,TE,testCommand,testAction,1/31/2012
00,TE,testCommand,testAction,1/31/2012
00,TE,testCommand,testAction,1/31/2012
00,TE,testCommand,testAction,1/31/2012 5:27:28 PM
00,TE,testCommand,testAction,1/31/2012 5:27:34 PM
00,TE,testCommand,testAction,5:29 PM
00,TE,testCommand,testAction,5:29 PM
00,TE,testCommand,testAction,5:29 PM
00,TE,testCommand,testAction,5:29 PM
00,TE,testCommand,testAction,17:32:16
00,TE,testCommand,testAction,17:32:19
00,TE,testCommand,testAction,17:32:22
00,TE,testCommand,testAction,17:32:24
00,TE,testCommand,testAction,17:32:26
00,TE,testCommand,testAction,17:32:35
00,TE,testCommand,testAction,17:32:35
